Title,Author,Publisher,Date
당신이 누군가를 죽였다,히가시노 게이고,북다,2024.07.23
모순,양귀자,쓰다,2013.04.01
이중 하나는 거짓말,김애란,문학동네,2024.08.27
홍학의 자리,정해연,엘릭시르,2021.07.26
영원한 천국,정유정,은행나무,2024.08.28
구의 증명,최진영,은행나무,2023.04.26
리틀 라이프 1,한야 야나기하라,시공사,2016.06.16
인간 실격,다자이 오사무,민음사,2012.04.10
우리에게 남은 시간 46일,이설,하이스트,2024.01.29
아이가 없는 집,알렉스 안도릴,필름(Feelm),2024.06.12
불편한 편의점(벚꽃 에디션),김호연,나무옆의자,2021.04.20
백설공주에게 죽음을,넬레 노이하우스,북로드,2024.05.24
빛이 이끄는 곳으로,백희성,북로망스,2024.08.21
나의 돈키호테,김호연,나무옆의자,2024.04.25
채식주의자,한강,창비,2022.03.28
싯다르타,헤르만 헤세,민음사,2002.01.20
데미안,헤르만 헤세,민음사,2009.01.20
면도날,서머싯 몸,민음사,2009.06.30
포스 윙,레베카 야로스,북폴리오,2024.06.24
